Total_Trades,Winning_Trades,Losing_Trades,Win_Rate,Profit_Factor,Average_Win,Average_Loss,Largest_Win,Largest_Loss,Average_Trade_Duration,Total_Net_Profit,Max_Drawdown,Sharpe_Ratio,Sortino_Ratio,Expectancy,Ticker,Timeframe
34,11,23,0.3235294117647059,0.17717478052673905,1.0090909090909215,-2.723913043478245,4.400000000000091,-13.800000000000182,1.0,-373.4839499999995,-0.3752210076465066,-1.1053085932244884,-0.16111463218420796,-1.5161764705882206,ADANIPORTS,3min
19,10,9,0.5263157894736842,0.12207192345760123,1.8499999999999546,-16.83888888888896,4.0,-84.65000000000009,1.0,-536.4621000000011,-0.5364621000000043,-0.48917905731678435,-0.03687692292502556,-7.002631578947426,ASIANPAINT,3min
16,8,8,0.5,0.4521008403361249,1.6812499999999773,-3.7187500000000284,7.149999999999864,-9.850000000000136,1.0,-182.22210000000038,-0.18222209999999905,-0.7273524328660379,-0.07486053995945213,-1.0187500000000256,AXISBANK,3min
13,2,11,0.15384615384615385,0.1884889584420119,27.100000000000364,-26.14090909090919,49.79999999999927,-54.95000000000073,1.0,-1834.9672500000006,-1.8349672500000014,-0.9223336668538641,-0.12181485512667023,-17.950000000000028,BAJAJ-AUTO,3min
19,1,18,0.05263157894736842,0.0044336384439364425,1.550000000000182,-19.422222222222242,1.550000000000182,-71.75,1.0,-1669.4980500000001,-1.6694980499999945,-0.8652290704130544,-0.09386658817116257,-18.31842105263159,BAJFINANCE,3min
25,10,15,0.4,0.12901342673672453,1.1050000000000408,-5.709999999999976,1.8500000000001364,-25.350000000000136,1.0,-442.6346999999992,-0.44263469999999505,-0.8878137699350368,-0.09911301224316561,-2.983999999999969,BAJAJFINSV,3min
37,7,30,0.1891891891891892,0.06524064171122523,0.2614285714285529,-0.9350000000000013,0.6499999999999773,-3.2999999999999545,1.0,-112.28561000000016,-0.11228561000000627,-1.0748280426869707,-0.1454683926453025,-0.7086486486486532,BPCL,3min
31,7,24,0.22580645161290322,0.1837217156366085,3.8857142857142923,-6.168750000000036,15.600000000000136,-39.700000000000045,1.0,-442.2482000000009,-0.4422482000000018,-0.6643937808489925,-0.0660634560881964,-3.89838709677422,BHARTIARTL,3min
24,7,17,0.2916666666666667,0.14188034188034404,4.150000000000026,-12.044117647058716,7.949999999999818,-66.25,1.0,-1215.1933999999978,-1.2151934000000038,-0.8893962490691276,-0.09948272352525135,-7.32083333333325,BRITANNIA,3min
19,6,13,0.3157894736842105,0.11719605695509527,0.8916666666666894,-3.511538461538486,1.800000000000182,-16.700000000000045,1.0,-308.2559500000002,-0.3082559500000061,-0.926789814815379,-0.10952874638235147,-2.121052631578957,CIPLA,3min
27,4,23,0.14814814814814814,0.02962962962962782,0.19999999999998863,-1.1739130434782659,0.5,-5.399999999999977,1.0,-122.95255000000017,-0.1229525500000018,-0.9308383262756473,-0.10864377198990552,-0.9703703703703762,COALINDIA,3min
32,10,22,0.3125,0.30889774236387624,11.629999999999928,-17.113636363636342,82.84999999999945,-97.39999999999964,1.0,-1576.5896500000003,-1.5765896499999945,-0.7550453842266404,-0.0931748168451884,-8.131250000000009,DIVISLAB,3min
20,1,19,0.05,0.06828885400314083,4.350000000000136,-3.3526315789474186,4.350000000000136,-16.700000000000045,1.0,-266.7068500000008,-0.2667068500000023,-0.7495973748894741,-0.07267630381965265,-2.967500000000041,DRREDDY,3min
34,5,29,0.14705882352941177,0.12590506838294319,6.260000000000036,-8.572413793103586,14.5,-42.80000000000018,1.0,-1303.3418000000038,-1.3033418000000092,-1.034758871841508,-0.1410402076064316,-6.391176470588347,EICHERMOT,3min
17,6,11,0.35294117647058826,0.6570605187320102,3.800000000000106,-3.154545454545438,9.350000000000364,-9.699999999999818,1.0,-536.0128999999993,-0.5360129000000016,-1.1652116939682657,-0.28308937791391364,-0.6999999999999519,GRASIM,3min
28,7,21,0.25,0.08670520231213646,1.1785714285713962,-4.530952380952375,1.949999999999818,-13.149999999999864,1.0,-425.48940000000016,-0.42548940000000585,-0.9479724459138384,-0.11317865814160119,-3.1035714285714318,HCLTECH,3min
7,2,5,0.2857142857142857,0.13829169087739726,5.9500000000000455,-17.210000000000083,9.200000000000045,-76.0,1.0,-254.2236500000003,-0.2542236499999999,-0.28578904677707717,-0.01754114089022029,-10.592857142857188,HDFCBANK,3min
27,5,22,0.18518518518518517,0.08747514910536576,0.8799999999999727,-2.286363636363619,1.7999999999999545,-12.399999999999977,1.0,-184.26329999999976,-0.184263300000006,-0.7893969711234347,-0.0820005749849341,-1.6999999999999906,HDFCLIFE,3min
23,7,16,0.30434782608695654,0.17651741293532908,6.3357142857144675,-15.703124999999943,11.050000000000182,-56.0,1.0,-1198.9157499999978,-1.1989157500000003,-0.8970204790559557,-0.10256253750622653,-8.995652173912948,HEROMOTOCO,3min
25,6,19,0.24,0.21348314606742325,1.1083333333333674,-1.639473684210519,2.3500000000000227,-5.449999999999932,1.0,-183.82729999999967,-0.18382730000000447,-1.0904345397953046,-0.16192676825035035,-0.9799999999999863,HINDALCO,3min
12,2,10,0.16666666666666666,0.15311004784688728,4.0,-5.225000000000091,6.599999999999909,-19.09999999999991,1.0,-380.7516000000009,-0.38075160000000324,-0.8381691462876733,-0.09578269850027787,-3.687500000000076,HINDUNILVR,3min
17,5,12,0.29411764705882354,0.1419902912621375,1.1700000000000272,-3.433333333333375,1.9500000000000455,-20.65000000000009,1.0,-232.36275000000035,-0.23236275000000023,-0.7193570291423007,-0.06638011404654941,-2.079411764705904,ICICIBANK,3min
15,3,12,0.2,0.02150537634408185,0.1333333333333068,-1.5499999999999925,0.19999999999998863,-4.0499999999999545,1.0,-68.24475,-0.06824474999999802,-0.6852323696488664,-0.05882701873034121,-1.2133333333333325,ITC,3min
37,7,30,0.1891891891891892,0.1274281274281301,1.1714285714285941,-2.144999999999997,3.5499999999999545,-8.799999999999955,1.0,-310.6740999999997,-0.31067410000000384,-1.0619928860776082,-0.14839992127193652,-1.5175675675675608,INDUSINDBK,3min
15,7,8,0.4666666666666667,0.45818815331009904,1.878571428571409,-3.5875000000000057,8.049999999999955,-7.5,1.0,-312.2676000000002,-0.31226760000000653,-1.0020281041231565,-0.17309592334950752,-1.0366666666666788,INFY,3min
20,5,15,0.25,0.10046189376443482,0.8700000000000045,-2.8866666666666636,1.3000000000000682,-10.299999999999955,1.0,-236.9732999999999,-0.23697329999999786,-0.8992320719143122,-0.1017819786755754,-1.9474999999999967,JSWSTEEL,3min
15,4,11,0.26666666666666666,0.12664277180406064,1.3249999999999886,-3.804545454545467,2.349999999999909,-10.5,1.0,-295.13155000000023,-0.2951315500000055,-0.8982995118765181,-0.11032691577864645,-2.436666666666679,KOTAKBANK,3min
16,6,10,0.375,0.33906177426846373,6.083333333333333,-10.764999999999963,11.199999999999818,-21.399999999999636,1.0,-604.5827499999996,-0.6045827500000014,-0.8342576987733544,-0.09433335475070477,-4.446874999999977,LT,3min
33,9,24,0.2727272727272727,0.2712506767731454,5.566666666666657,-7.695833333333326,17.949999999999818,-47.45000000000027,1.0,-813.2217499999999,-0.813221749999997,-0.8770448694222213,-0.10626023146422982,-4.078787878787876,M&M,3min
19,3,16,0.15789473684210525,0.05548331166016606,6.400000000000243,-21.628125000000296,17.399999999999636,-92.05000000000109,1.0,-2143.6271500000043,-2.1436271500000004,-0.9110280870942495,-0.11210772589914197,-17.202631578947578,MARUTI,3min
32,6,26,0.1875,0.06218487394957869,0.30833333333332763,-1.1442307692307692,0.75,-5.050000000000011,1.0,-121.89810000000003,-0.1218981000000058,-0.9571410917844557,-0.11628714580353354,-0.8718750000000011,NTPC,3min
19,3,16,0.15789473684210525,0.05487026797107493,2.1499999999999395,-7.3468749999999545,3.650000000000091,-19.84999999999991,1.0,-464.16394999999943,-0.46416395000000193,-0.8182650066503171,-0.08473343200361678,-5.847368421052603,NESTLEIND,3min
25,9,16,0.36,0.13303269447576008,0.2622222222222206,-1.1087500000000006,0.8199999999999932,-7.25,1.0,-75.46754000000003,-0.07546753999999782,-0.7169808623576742,-0.07218152575520839,-0.615200000000001,ONGC,3min
27,10,17,0.37037037037037035,0.08500000000000216,0.3400000000000091,-2.3529411764705914,0.6999999999999886,-27.25,1.0,-108.55104999999996,-0.10855104999999458,-0.34227787067889315,-0.030081001210834735,-1.3555555555555543,POWERGRID,3min
10,2,8,0.2,0.0181488203266869,0.2500000000001137,-3.4437500000000227,0.4500000000000455,-13.200000000000045,1.0,-186.06094999999996,-0.18606094999999914,-0.7356337897610533,-0.06848078717407666,-2.7049999999999956,RELIANCE,3min
31,12,19,0.3870967741935484,0.2392790553138524,1.6041666666666288,-4.234210526315816,4.75,-15.049999999999955,1.0,-414.55670000000094,-0.414556700000001,-1.0035454918884454,-0.13060524586737954,-1.9741935483871276,SBILIFE,3min
34,12,22,0.35294117647058826,0.39649853462902795,42.84166666666655,-58.93636363636374,220.34999999999854,-159.04999999999927,1.0,-6882.495150000004,-6.882495150000002,-1.0184147426374224,-0.16127144023978768,-23.01470588235305,SHREECEM,3min
20,4,16,0.2,0.20844327176781066,0.9875000000000114,-1.18437500000001,2.0499999999999545,-2.6000000000000227,1.0,-146.7923500000001,-0.14679235000000335,-1.0192563629884221,-0.17378506885506342,-0.7500000000000057,SBIN,3min
23,6,17,0.2608695652173913,0.2014134275618394,2.8500000000000227,-4.994117647058816,7.7000000000000455,-23.65000000000009,1.0,-357.2877999999997,-0.35728780000000554,-0.7765300950377022,-0.0799558719257343,-2.94782608695651,SUNPHARMA,3min
19,7,12,0.3684210526315789,0.18626430801249372,2.557142857142935,-8.008333333333288,3.800000000000182,-18.09999999999991,1.0,-678.443749999999,-0.6784437500000058,-0.9379265532331319,-0.12466609718879663,-4.115789473684153,TCS,3min
26,8,18,0.3076923076923077,0.38363892806769795,1.6999999999999886,-1.969444444444447,4.600000000000136,-5.399999999999977,1.0,-223.87245000000016,-0.2238724499999953,-1.0028534217414593,-0.152897314549403,-0.8403846153846206,TATACONSUM,3min
21,2,19,0.09523809523809523,0.09254143646408891,1.6750000000000114,-1.9052631578947392,2.4500000000000455,-7.0499999999999545,1.0,-210.12120000000002,-0.21012119999999412,-1.0344904904673076,-0.14199487523069093,-1.5642857142857154,TATAMOTORS,3min
28,6,22,0.21428571428571427,0.0750000000000028,0.13000000000000492,-0.472727272727273,0.30000000000001137,-1.8100000000000023,1.0,-40.03016999999997,-0.04003016999999818,-0.8996132207005837,-0.1018554890651128,-0.3435714285714277,TATASTEEL,3min
31,7,24,0.22580645161290322,0.15666178623718247,1.52857142857137,-2.8458333333333408,4.600000000000136,-12.75,1.0,-400.8645000000006,-0.400864499999996,-1.0820359502618515,-0.16049775897499777,-1.8580645161290514,TECHM,3min
18,5,13,0.2777777777777778,0.1534693877550961,1.8799999999999273,-4.711538461538462,3.199999999999818,-12.25,1.0,-647.4637500000003,-0.6474637499999953,-1.1056990954722254,-0.21483226590961746,-2.880555555555576,TITAN,3min
24,9,15,0.375,0.2609341098549751,12.694444444444445,-29.18999999999978,41.0,-118.25,1.0,-2495.400399999997,-2.495400399999999,-0.8727514747042526,-0.09930766020358067,-13.483333333333198,ULTRACEMCO,3min
46,10,36,0.21739130434782608,0.2595325953259533,1.055000000000001,-1.1291666666666675,3.0499999999999545,-2.8000000000000114,1.0,-190.37445000000005,-0.19037445000000297,-1.191706651101503,-0.20873499671157247,-0.654347826086957,UPL,3min
20,10,10,0.5,0.9841269841269807,0.3100000000000023,-0.3150000000000034,0.6000000000000227,-1.1000000000000227,1.0,-50.58105000000001,-0.05058104999999341,-1.11805862861734,-0.23910601357815262,-0.0025000000000005686,WIPRO,3min
51,16,35,0.3137254901960784,0.2788873038516408,0.24437500000000068,-0.40057142857142924,0.6499999999999773,-2.930000000000007,1.0,-60.05316000000001,-0.060053159999995845,-1.0659355402394957,-0.15422920200404466,-0.19823529411764731,ZEEL,3min
26,9,17,0.34615384615384615,0.18289414917373703,4.549999999999979,-13.170588235294149,11.699999999999818,-26.150000000000546,1.0,-1328.7533000000005,-1.3287532999999967,-1.0549193151389658,-0.15021587264512304,-7.036538461538489,LTIM,3min
36,5,31,0.1388888888888889,0.16285714285714362,2.280000000000018,-2.2580645161290396,3.7000000000000455,-8.400000000000091,1.0,-374.59490000000017,-0.3745948999999964,-1.4608525434677404,-0.28840361207437853,-1.6277777777777815,ADANIPORTS,5min
23,8,15,0.34782608695652173,0.27337398373983934,3.3625000000000114,-6.559999999999976,8.5,-35.19999999999982,1.0,-519.1505499999996,-0.5191505500000058,-1.034511628130246,-0.13854266707917232,-3.108695652173893,ASIANPAINT,5min
23,9,14,0.391304347826087,0.3814016172506688,1.572222222222207,-2.6500000000000097,3.349999999999909,-8.149999999999977,1.0,-210.99480000000025,-0.21099480000000037,-1.1268210726301733,-0.17339827787547885,-0.9978260869565336,AXISBANK,5min
27,8,19,0.2962962962962963,0.21480794974770706,13.037500000000023,-25.555263157894984,49.0,-71.84999999999854,1.0,-2094.4576000000047,-2.094457600000009,-1.151083449813312,-0.1794709652952865,-14.120370370370539,BAJAJ-AUTO,5min
31,14,17,0.45161290322580644,0.33129459734963934,8.125,-20.197058823529648,28.200000000000728,-62.69999999999982,1.0,-1709.231100000004,-1.7092311000000044,-1.1687918199646277,-0.18012431313587798,-7.406451612903355,BAJFINANCE,5min
30,12,18,0.4,0.6684210526315806,2.6458333333333144,-2.6388888888888635,8.300000000000182,-7.0499999999999545,1.0,-410.8939499999998,-0.4108939499999979,-1.4349325465275067,-0.3939903839743162,-0.5249999999999925,BAJAJFINSV,5min
44,14,30,0.3181818181818182,0.2093023255813993,0.31500000000000583,-0.7023333333333331,1.0,-2.9000000000000057,1.0,-99.0104399999999,-0.0990104399999982,-1.44902025168024,-0.2741042736453207,-0.3786363636363616,BPCL,5min
27,7,20,0.25925925925925924,0.35970873786407404,5.2928571428571365,-5.150000000000046,15.600000000000136,-27.450000000000045,1.0,-382.5276000000009,-0.38252760000000124,-0.9127553379348531,-0.13025868460557907,-2.442592592592628,BHARTIARTL,5min
18,7,11,0.3888888888888889,0.2531276063386098,8.671428571428416,-21.8000000000001,39.899999999999636,-56.19999999999982,1.0,-1035.3617000000022,-1.048103700000007,-0.9347054161119397,-0.12235996804871191,-9.950000000000122,BRITANNIA,5min
25,8,17,0.32,0.28667113194908883,2.6749999999999545,-4.391176470588268,6.5499999999999545,-18.59999999999991,1.0,-317.0368500000009,-0.31703685000000403,-1.0251531737403876,-0.1407475508455936,-2.1300000000000363,CIPLA,5min
22,5,17,0.22727272727272727,0.07067137809187234,0.2,-0.832352941176476,0.30000000000001137,-2.3000000000000114,1.0,-100.47225000000009,-0.10047225000000617,-1.3952692508188416,-0.26964415392561153,-0.5977272727272769,COALINDIA,5min
36,9,27,0.25,0.24045407636739266,7.766666666666778,-10.76666666666666,27.800000000000182,-34.899999999999636,1.0,-1499.2662999999989,-1.4992663000000028,-1.380773178282512,-0.2625694271524159,-6.133333333333301,DIVISLAB,5min
27,10,17,0.37037037037037035,0.23691722169362414,1.2450000000000045,-3.0911764705882594,4.849999999999909,-9.850000000000136,1.0,-266.28850000000034,-0.2662884999999951,-1.1785490639940117,-0.18327025838851055,-1.4851851851851987,DRREDDY,5min
36,8,28,0.2222222222222222,0.09928925263837915,5.762499999999932,-16.582142857142863,24.949999999999818,-105.60000000000036,1.0,-1419.0896000000007,-1.4190896000000066,-0.9506528411448514,-0.12237508143760169,-11.616666666666687,EICHERMOT,5min
34,12,22,0.35294117647058826,0.3287407882089091,4.274999999999977,-7.093181818181744,17.90000000000009,-24.800000000000182,1.0,-675.4327499999986,-0.6754327499999927,-1.138964777614404,-0.17953318505960825,-3.080882352941136,GRASIM,5min
21,1,20,0.047619047619047616,0.01634472511144318,1.1000000000001364,-3.3650000000000317,1.1000000000001364,-9.600000000000136,1.0,-368.8039500000005,-0.3688039500000013,-1.329567330163442,-0.24573129698886786,-3.1523809523809763,HCLTECH,5min
13,2,11,0.15384615384615385,0.44482173174873746,6.550000000000068,-2.67727272727269,9.200000000000045,-9.149999999999864,1.0,-200.29334999999946,-0.20029334999999265,-0.9174797424654703,-0.13599221094653707,-1.2576923076922657,HDFCBANK,5min
22,6,16,0.2727272727272727,0.07590361445783352,0.5250000000000151,-2.59375,0.7999999999999545,-15.899999999999977,1.0,-164.6312499999999,-0.1646312500000058,-0.8737542103603404,-0.10529245193892048,-1.743181818181814,HDFCLIFE,5min
30,10,20,0.3333333333333333,0.26479577660460824,4.764999999999873,-8.9974999999999,18.75,-31.300000000000182,1.0,-1173.2407499999995,-1.1732407499999973,-1.3695967109261857,-0.25688998437157673,-4.409999999999976,HEROMOTOCO,5min
40,10,30,0.25,0.10062333036508847,0.564999999999975,-1.8716666666666772,1.3500000000000227,-9.950000000000045,1.0,-219.4081000000006,-0.21940810000000058,-1.2065346615312924,-0.18592321875580262,-1.2625000000000142,HINDALCO,5min
25,3,22,0.12,0.0338363054412418,1.2333333333332728,-4.970454545454583,1.75,-12.300000000000182,1.0,-493.719650000001,-0.49371964999999907,-1.17564836168717,-0.1831959623136613,-4.22600000000004,HINDUNILVR,5min
19,5,14,0.2631578947368421,0.08788093550673001,1.2399999999999636,-5.039285714285727,3.0,-20.65000000000009,1.0,-256.0955500000004,-0.2560955499999982,-0.8348787949542419,-0.09314525481860672,-3.386842105263177,ICICIBANK,5min
23,7,16,0.30434782608695654,0.17611940298506995,0.42142857142856166,-1.0468750000000036,0.75,-3.6000000000000227,1.0,-75.38195000000013,-0.07538194999999542,-1.0512999059393868,-0.14160231750839095,-0.6000000000000054,ITC,5min
39,12,27,0.3076923076923077,0.17614964925953833,0.941666666666625,-2.37592592592595,2.6499999999998636,-7.7999999999999545,1.0,-302.3424500000011,-0.30234244999999643,-1.3293754564283065,-0.23180205552658567,-1.355128205128235,INDUSINDBK,5min
20,7,13,0.35,0.22894736842105,1.8642857142857079,-4.38461538461542,7.4500000000000455,-9.550000000000182,1.0,-310.1854500000005,-0.3101854500000045,-1.1299725071114333,-0.18009007672414534,-2.197500000000025,INFY,5min
29,7,22,0.2413793103448276,0.1092511013215867,0.8857142857142922,-2.5795454545454546,2.3500000000000227,-14.5,1.0,-251.08624999999995,-0.251086249999993,-1.1211854430032429,-0.15951546233917485,-1.7431034482758605,JSWSTEEL,5min
23,1,22,0.043478260869565216,0.013611615245008984,0.75,-2.5045454545454713,0.75,-9.300000000000182,1.0,-343.65640000000036,-0.34365640000000713,-1.2869915567731944,-0.2450938357588499,-2.363043478260886,KOTAKBANK,5min
19,4,15,0.21052631578947367,0.0838475499092575,2.8875000000000455,-9.183333333333303,5.150000000000091,-49.25,1.0,-714.6162999999993,-0.7146162999999942,-1.0556598791133442,-0.14000374596589446,-6.642105263157862,LT,5min
28,4,24,0.14285714285714285,0.08214786615908447,5.124999999999886,-10.397916666666674,10.5,-61.34999999999991,1.0,-865.8513500000007,-0.8658513499999971,-0.9715273815708972,-0.12929122926222908,-8.180357142857165,M&M,5min
20,3,17,0.15,0.14109503948886262,26.5,-33.14411764705898,56.54999999999927,-91.39999999999964,1.0,-2462.5024000000026,-2.4625023999999973,-1.1002537851582166,-0.16198911029489751,-24.197500000000126,MARUTI,5min
37,9,28,0.24324324324324326,0.15449915110356743,0.5055555555555631,-1.0517857142857159,1.2000000000000455,-5.850000000000023,1.0,-114.73399999999998,-0.11473399999999674,-1.211219285193707,-0.18876627497203036,-0.6729729729729723,NTPC,5min
19,5,14,0.2631578947368421,0.045884923525121794,0.6299999999999273,-4.9035714285714675,1.2999999999997272,-10.199999999999818,1.0,-459.95580000000086,-0.4599557999999961,-1.3009719890139013,-0.24615425357483336,-3.4473684210526794,NESTLEIND,5min
26,9,17,0.34615384615384615,0.06954436450839403,0.161111111111113,-1.2264705882352955,0.35000000000002274,-5.650000000000034,1.0,-88.04557000000001,-0.08804557000000204,-0.9946104626716813,-0.13684848273194486,-0.7461538461538464,ONGC,5min
32,8,24,0.25,0.12359550561798327,0.3437500000000142,-0.9270833333333286,0.9000000000000341,-9.5,1.0,-90.33059999999978,-0.09033060000000113,-0.8995945529878459,-0.11505201951670119,-0.6093749999999929,POWERGRID,5min
9,2,7,0.2222222222222222,0.14565826330532866,1.3000000000000682,-2.5500000000000194,1.400000000000091,-12.400000000000091,1.0,-164.2707,-0.16427069999999366,-0.9396886262571603,-0.11239492886753123,-1.6944444444444444,RELIANCE,5min
39,17,22,0.4358974358974359,0.3034188034188027,1.879411764705885,-4.786363636363655,15.050000000000182,-20.25,1.0,-400.18355000000037,-0.4001835500000016,-1.0294461987312704,-0.15238862157620242,-1.88076923076924,SBILIFE,5min
29,9,20,0.3103448275862069,0.1311639642313806,19.638888888888484,-67.37749999999978,57.599999999998545,-189.95000000000073,1.0,-7390.4815,-7.390481499999995,-1.3997942825668863,-0.2586474903922642,-40.372413793103426,SHREECEM,5min
16,5,11,0.3125,0.5974025974025978,1.3799999999999955,-1.0499999999999958,2.8999999999999773,-2.25,1.0,-127.48524999999998,-0.1279467500000028,-1.265461814458889,-0.3308112127192742,-0.2906249999999986,SBIN,5min
31,10,21,0.3225806451612903,0.2187919463087286,1.630000000000018,-3.547619047619026,6.349999999999909,-14.049999999999955,1.0,-365.7370499999994,-0.36573704999999607,-1.1984251858066013,-0.19829356192487113,-1.877419354838689,SUNPHARMA,5min
21,8,13,0.38095238095238093,0.1120080726538794,2.0812499999998977,-11.434615384615391,6.949999999999818,-43.55000000000018,1.0,-749.4671500000009,-0.7494671499999968,-1.0512633193518517,-0.13959924276443847,-6.285714285714329,TCS,5min
34,13,21,0.38235294117647056,0.33370165745856323,1.1615384615384459,-2.1547619047618776,6.75,-5.699999999999932,1.0,-246.27784999999966,-0.2462778499999986,-1.2872690039145722,-0.24618256037885525,-0.8867647058823422,TATACONSUM,5min
31,7,24,0.22580645161290322,0.09829619921362868,1.0714285714285552,-3.1791666666666742,1.75,-13.0,1.0,-241.7205500000003,-0.2417205499999982,-1.051124752607637,-0.14221547344290414,-2.219354838709687,TATAMOTORS,5min
24,5,19,0.20833333333333334,0.239197530864203,0.31000000000000794,-0.34105263157894833,0.700000000000017,-1.0,1.0,-35.780439999999984,-0.03578044000000227,-1.3044666468713029,-0.24113633846647312,-0.20541666666666578,TATASTEEL,5min
31,8,23,0.25806451612903225,0.11308709530323553,1.549999999999983,-4.76739130434786,2.9500000000000455,-42.049999999999955,1.0,-445.3166500000009,-0.4453166500000079,-0.9415414504040418,-0.12177057247107669,-3.137096774193578,TECHM,5min
24,7,17,0.2916666666666667,0.17321767416643996,4.564285714285688,-10.849999999999989,7.349999999999909,-51.40000000000009,1.0,-743.8233000000001,-0.7438233000000036,-0.9430137705525576,-0.1157137492916408,-6.354166666666667,TITAN,5min
22,10,12,0.45454545454545453,0.5215660252156541,15.71999999999989,-25.116666666666788,81.95000000000073,-60.100000000000364,1.0,-2196.1249500000026,-2.196124949999998,-1.2119492034528156,-0.24184786805241712,-6.55454545454557,ULTRACEMCO,5min
44,10,34,0.22727272727272727,0.11006825938566563,0.6450000000000046,-1.7235294117647166,1.849999999999909,-10.5,1.0,-205.2652500000003,-0.20526524999999676,-1.1889214610962544,-0.18288436157759486,-1.18522727272728,UPL,5min
23,7,16,0.30434782608695654,0.15789473684211594,0.19285714285715422,-0.5343749999999954,0.4000000000000341,-1.5,1.0,-57.557849999999846,-0.05755784999999741,-1.323518959140893,-0.24325345954940586,-0.3130434782608629,WIPRO,5min
55,17,38,0.3090909090909091,0.19784449576597274,0.15117647058823488,-0.3418421052631589,0.410000000000025,-3.1500000000000057,1.0,-50.59587000000005,-0.05059587000000466,-1.2213921642935794,-0.19892059937876894,-0.18945454545454626,ZEEL,5min
21,8,13,0.38095238095238093,0.21593336181119308,6.318750000000023,-18.007692307692267,13.949999999999818,-89.60000000000036,1.0,-1181.4509499999995,-1.1814509499999986,-0.9877574476172217,-0.12634343926984126,-8.740476190476155,LTIM,5min
42,22,20,0.5238095238095238,0.4950276243093943,2.036363636363655,-4.525000000000023,8.299999999999955,-20.549999999999955,1.0,-280.15305,-0.2801530499999935,-1.3870352294653798,-0.294821260869927,-1.0880952380952391,ADANIPORTS,15min
34,14,20,0.4117647058823529,0.2854808590102708,4.367857142857149,-10.710000000000013,36.34999999999991,-37.80000000000018,1.0,-516.4876000000002,-0.5164875999999932,-1.1437525645398467,-0.21610039867502034,-4.5014705882353,ASIANPAINT,15min
28,8,20,0.2857142857142857,0.1852941176470612,0.7874999999999943,-1.699999999999966,2.2000000000000455,-5.849999999999909,1.0,-195.5789499999994,-0.19557894999999553,-2.0560370546650786,-0.6050976218765244,-0.9892857142856916,AXISBANK,15min
29,10,19,0.3448275862068966,0.33683915299396877,24.01999999999971,-37.531578947368104,135.34999999999854,-128.39999999999964,1.0,-1771.020199999997,-1.771020199999999,-1.1890830901304559,-0.24397490416034598,-16.30689655172403,BAJAJ-AUTO,15min
32,11,21,0.34375,0.1663784157730889,8.745454545454528,-27.53333333333328,22.30000000000109,-249.35000000000036,1.0,-1641.946899999999,-1.6419468999999953,-1.0775140555878344,-0.1857575464203269,-15.062499999999972,BAJFINANCE,15min
28,13,15,0.4642857142857143,0.5776805251641147,3.0461538461538393,-4.569999999999982,6.25,-14.099999999999909,1.0,-283.8998499999998,-0.2838998500000016,-1.59040847495387,-0.35953572886464147,-1.0339285714285649,BAJAJFINSV,15min
39,16,23,0.41025641025641024,0.15894775842904463,0.2681249999999942,-1.173478260869563,0.8000000000000114,-4.75,1.0,-78.74285000000005,-0.07874284999999509,-1.5640645083340963,-0.32516539990721693,-0.5820512820512832,BPCL,15min
30,8,22,0.26666666666666666,0.13132022471910318,2.337500000000034,-6.4727272727272664,4.7000000000000455,-41.5,1.0,-379.5862499999996,-0.379586249999993,-1.3047997911433298,-0.24216267047896148,-4.12333333333332,BHARTIARTL,15min
24,9,15,0.375,0.2522483000658011,6.388888888888788,-15.196666666666594,16.75,-69.80000000000018,1.0,-926.1160499999999,-0.926116049999997,-1.532981715805407,-0.30646865885030183,-7.102083333333326,BRITANNIA,15min
28,6,22,0.21428571428571427,0.13171108536114115,2.841666666666621,-5.8840909090909115,10.700000000000045,-19.0,1.0,-332.4299500000003,-0.3324299500000052,-1.429951515837483,-0.2806091429435576,-4.014285714285726,CIPLA,15min
22,6,16,0.2727272727272727,0.07979626485568679,0.391666666666661,-1.8406249999999922,0.8999999999999773,-7.099999999999966,1.0,-89.23654999999991,-0.08923655000000144,-1.4297977022323671,-0.2649391858755401,-1.2318181818181777,COALINDIA,15min
37,8,29,0.21621621621621623,0.15600819299044427,8.568750000000136,-15.151724137931007,16.0,-61.19999999999982,1.0,-1322.6227499999982,-1.322622749999995,-1.7670239009545392,-0.40349290814013905,-10.022972972972921,DIVISLAB,15min
29,10,19,0.3448275862068966,0.16022408963585852,1.430000000000041,-4.697368421052643,4.2000000000000455,-31.450000000000045,1.0,-273.53539999999987,-0.2735353999999934,-1.280649137638375,-0.232784159005486,-2.5844827586206836,DRREDDY,15min
38,9,29,0.23684210526315788,0.12391093901258564,6.40000000000004,-16.029310344827568,17.449999999999818,-66.0,1.0,-1208.5748999999992,-1.2085748999999923,-1.5456755057904035,-0.3149708009270784,-10.71710526315787,EICHERMOT,15min
32,4,28,0.125,0.0986975397973935,4.262499999999932,-6.169642857142857,9.099999999999909,-27.550000000000182,1.0,-546.7914500000003,-0.5467914500000043,-1.6940634335618392,-0.36794788152149305,-4.8656250000000085,GRASIM,15min
26,9,17,0.34615384615384615,0.34374999999999806,2.6888888888888687,-4.141176470588228,5.0499999999999545,-8.899999999999864,1.0,-296.4651,-0.29646510000000126,-1.8175466217093497,-0.4517103747155123,-1.7769230769230786,HCLTECH,15min
10,2,8,0.2,0.086185044359952,1.7000000000000455,-4.931249999999977,1.9500000000000455,-9.950000000000045,1.0,-187.22279999999972,-0.1872228000000032,-1.4504608219510946,-0.26811546903056316,-3.604999999999973,HDFCBANK,15min
41,11,30,0.2682926829268293,0.33333333333333587,1.3545454545454525,-1.4899999999999864,7.350000000000023,-3.6499999999999773,1.0,-147.34049999999962,-0.1473405000000057,-1.7621081790925277,-0.5057945653710129,-0.7268292682926735,HDFCLIFE,15min
38,13,25,0.34210526315789475,0.22155840854200928,6.703846153846126,-15.734000000000052,21.300000000000182,-79.75,1.0,-1109.8989000000017,-1.1098989000000001,-1.4735730849400952,-0.3003752096783949,-8.05789473684215,HEROMOTOCO,15min
40,8,32,0.2,0.24102154828411812,1.8875000000000028,-1.9578125000000028,4.9500000000000455,-9.299999999999955,1.0,-176.64520000000007,-0.17664519999999903,-1.6532411434014933,-0.3931079746464763,-1.1887500000000017,HINDALCO,15min
32,9,23,0.28125,0.17598039215686095,3.9888888888888485,-8.869565217391305,16.84999999999991,-48.45000000000027,1.0,-548.8569500000003,-0.5488569500000012,-1.3938326894653958,-0.27084309418843117,-5.253125000000011,HINDUNILVR,15min
31,10,21,0.3225806451612903,0.3550295857988091,2.3999999999999546,-3.2190476190476254,8.949999999999818,-8.75,1.0,-224.0204000000006,-0.22561840000000663,-1.5639423181650765,-0.35368494580917015,-1.406451612903245,ICICIBANK,15min
20,3,17,0.15,0.025751072961374417,0.2000000000000076,-1.370588235294115,0.30000000000001137,-3.5499999999999545,1.0,-72.82639999999994,-0.07282640000000538,-1.555143857909898,-0.3006050404492407,-1.1349999999999967,ITC,15min
39,9,30,0.23076923076923078,0.18241965973534977,2.1444444444444395,-3.5266666666666575,9.049999999999955,-9.200000000000045,1.0,-289.16094999999973,-0.28916095000000497,-1.7278372419157342,-0.4133483057258073,-2.2179487179487123,INDUSINDBK,15min
13,2,11,0.15384615384615385,0.04842428900845314,1.5749999999999318,-5.913636363636339,1.7999999999999545,-21.65000000000009,1.0,-283.7557499999999,-0.28375574999999664,-1.5551176885691311,-0.30070329535868484,-4.761538461538451,INFY,15min
38,12,26,0.3157894736842105,0.13671497584541215,1.1791666666666838,-3.9807692307692437,3.449999999999932,-15.0,1.0,-271.01545000000016,-0.27101545000000626,-1.5632723361032477,-0.3279362664873255,-2.351315789473688,JSWSTEEL,15min
23,9,14,0.391304347826087,0.37923946557040283,2.050000000000005,-3.4749999999999903,4.0499999999999545,-8.75,1.0,-266.5474499999998,-0.2665474499999982,-1.780377315249631,-0.4315177879442653,-1.3130434782608618,KOTAKBANK,15min
15,4,11,0.26666666666666666,0.15116279069767283,3.25,-7.818181818181901,8.0,-19.59999999999991,1.0,-464.84525000000093,-0.4648452499999985,-1.6715663907192828,-0.3718775820055809,-4.8666666666667275,LT,15min
31,10,21,0.3225806451612903,0.2536939644377636,5.064999999999964,-9.507142857142883,17.799999999999727,-26.949999999999818,1.0,-618.0966500000009,-0.6180966500000068,-1.6068835367042689,-0.356251107816066,-4.806451612903255,M&M,15min
30,13,17,0.43333333333333335,0.3420537213206495,9.403846153846153,-21.023529411764684,29.0,-85.19999999999891,1.0,-1923.8813999999995,-1.929287400000001,-1.847910418612461,-0.45593954725297914,-7.838333333333321,MARUTI,15min
33,6,27,0.18181818181818182,0.1781701444622798,0.9250000000000019,-1.1537037037037028,3.599999999999966,-3.8500000000000227,1.0,-87.64159999999998,-0.08764160000000265,-1.631694025446698,-0.379582270784184,-0.7757575757575746,NTPC,15min
19,9,10,0.47368421052631576,0.14299332697807796,1.6666666666667171,-10.490000000000055,2.75,-32.80000000000018,1.0,-383.9212000000001,-0.383921199999997,-1.3577848935080346,-0.23697746905903033,-4.731578947368426,NESTLEIND,15min
30,12,18,0.4,0.21813186813186805,0.3308333333333356,-1.0111111111111184,1.2099999999999795,-3.8899999999999864,1.0,-58.6279200000001,-0.058627919999999,-1.5351041076166088,-0.3163237729666128,-0.47433333333333677,ONGC,15min
47,10,37,0.2127659574468085,0.09101382488479397,0.39500000000000457,-1.1729729729729692,1.8000000000000114,-3.3999999999999773,1.0,-97.26404999999983,-0.09726404999999795,-1.6456447623761827,-0.3560477696063677,-0.8393617021276557,POWERGRID,15min
21,6,15,0.2857142857142857,0.24481737413623147,2.066666666666682,-3.3766666666666576,4.7999999999999545,-9.200000000000045,1.0,-195.66084999999975,-0.19566085000000022,-1.5492715866562226,-0.32004883244713417,-1.8214285714285605,RELIANCE,15min
46,11,35,0.2391304347826087,0.12519936204146773,2.1409090909091075,-5.374285714285738,4.4500000000000455,-52.200000000000045,1.0,-460.36085000000065,-0.4603608499999973,-1.357044588611465,-0.2655206891373558,-3.577173913043492,SBILIFE,15min
34,14,20,0.4117647058823529,0.3360033226533746,40.44999999999969,-84.26999999999971,123.45000000000073,-192.75,1.0,-5697.976599999998,-5.697976600000009,-1.7525353217503052,-0.42733993131949827,-32.9147058823529,SHREECEM,15min
25,7,18,0.28,0.1565113500597387,0.9357142857142955,-2.325000000000001,1.9500000000000455,-6.5,1.0,-139.76419999999996,-0.13976420000000506,-1.6049335115232566,-0.32847919802425657,-1.4119999999999981,SBIN,15min
30,7,23,0.23333333333333334,0.13941086846114698,3.9214285714285455,-8.560869565217386,8.300000000000182,-33.700000000000045,1.0,-433.12030000000004,-0.433120299999995,-1.3196208343336437,-0.2459731701245118,-5.648333333333336,SUNPHARMA,15min
21,6,15,0.2857142857142857,0.07619738751814434,2.625000000000076,-13.780000000000019,5.75,-46.850000000000364,1.0,-727.2528499999999,-0.7272528500000044,-1.4836723515357981,-0.2779877571165456,-9.092857142857135,TCS,15min
38,10,28,0.2631578947368421,0.18974358974358835,1.8499999999999885,-3.482142857142861,3.9500000000000455,-10.450000000000045,1.0,-256.8738500000002,-0.2580228499999939,-1.5729214302685306,-0.32729954931301747,-2.0789473684210584,TATACONSUM,15min
22,8,14,0.36363636363636365,0.1740890688259077,0.8062499999999915,-2.6464285714285927,1.400000000000091,-7.5,1.0,-147.85435000000038,-0.14785434999999417,-1.5820191694080463,-0.3153361364125854,-1.3909090909091075,TATAMOTORS,15min
31,11,20,0.3548387096774194,0.3512585812356962,0.27909090909090845,-0.43700000000000117,0.5600000000000023,-0.9800000000000182,1.0,-30.794110000000032,-0.030794110000002546,-1.769045274920958,-0.4212780241589586,-0.18290322580645257,TATASTEEL,15min
35,9,26,0.2571428571428571,0.15578158458243843,1.6166666666666363,-3.592307692307687,5.400000000000091,-15.400000000000091,1.0,-324.07775000000015,-0.3240777499999967,-1.7609925613425377,-0.4000488935676681,-2.2528571428571467,TECHM,15min
33,12,21,0.36363636363636365,0.2053455019556735,3.9375000000000377,-10.957142857142852,18.800000000000182,-50.25,1.0,-720.5059499999995,-0.729365850000002,-1.4979989052803107,-0.302356702611092,-5.540909090909073,TITAN,15min
34,14,20,0.4117647058823529,0.2043043043043105,14.578571428571845,-49.94999999999991,54.20000000000073,-196.29999999999927,1.0,-2353.464149999992,-2.353464149999985,-1.22545817782812,-0.2131545078546971,-23.379411764705658,ULTRACEMCO,15min
34,11,23,0.3235294117647059,0.436865021770685,1.3681818181818244,-1.4978260869565188,3.6499999999999773,-3.400000000000091,1.0,-117.71359999999986,-0.11771360000000276,-1.7203450485068006,-0.45608875727058107,-0.5705882352941136,UPL,15min
38,19,19,0.5,0.4163822525597393,0.32105263157895453,-0.7710526315789417,0.8000000000000114,-4.599999999999966,1.0,-58.08584999999976,-0.058493449999994486,-1.6043321930986418,-0.34111447587065435,-0.22499999999999357,WIPRO,15min
39,10,29,0.2564102564102564,0.13949579831932896,0.24900000000000233,-0.6155172413793106,0.7800000000000011,-2.450000000000017,1.0,-39.346029999999985,-0.03934603000000061,-1.471023231113939,-0.30477678467388386,-0.39384615384615346,ZEEL,15min
25,10,15,0.4,0.15997414559263162,9.9,-41.25666666666663,21.050000000000182,-158.55000000000018,1.0,-1256.4060499999996,-1.256406050000005,-0.9947706829759391,-0.1591431270944825,-20.79399999999998,LTIM,15min
38,21,17,0.5526315789473685,0.8188548864758107,3.9499999999999806,-5.958823529411762,31.049999999999955,-13.900000000000091,1.0,-187.38860000000034,-0.18918499999999766,-1.0979691695078524,-0.35864867523242056,-0.4828947368421148,ADANIPORTS,30min
22,4,18,0.18181818181818182,0.08422757643247716,5.2000000000000455,-13.71944444444441,8.25,-63.80000000000018,1.0,-485.4744999999992,-0.4854744999999966,-1.3632141702626448,-0.26949207776203105,-10.279545454545417,ASIANPAINT,30min
25,8,17,0.32,0.6164021164021172,4.3687499999999915,-3.3352941176470483,16.5,-11.599999999999909,1.0,-145.6514499999999,-0.14565145000000485,-1.4136693116341659,-0.4435813339287913,-0.8699999999999954,AXISBANK,30min
21,7,14,0.3333333333333333,0.31327953044754386,15.25,-24.339285714285584,36.79999999999927,-49.94999999999982,1.0,-1168.7147499999983,-1.168714749999999,-2.0504236064218646,-0.5758835253025012,-11.142857142857057,BAJAJ-AUTO,30min
18,5,13,0.2777777777777778,0.21480967486122393,21.670000000000254,-38.79999999999997,27.300000000000182,-178.10000000000036,1.0,-1197.3477999999984,-1.1973478000000033,-1.336090243662068,-0.27565385317400476,-22.002777777777684,BAJFINANCE,30min
29,6,23,0.20689655172413793,0.23439437784208456,4.725000000000023,-5.258695652173915,9.5,-15.299999999999955,1.0,-296.2160499999999,-0.29621605000000273,-1.8817089574595578,-0.49638968446507625,-3.193103448275859,BAJAJFINSV,30min
27,10,17,0.37037037037037035,0.4253308128544457,0.9000000000000057,-1.2447058823529393,1.9499999999999886,-4.199999999999989,1.0,-50.25452999999991,-0.05025453000000561,-1.5358657884846936,-0.37699079474496777,-0.4503703703703671,BPCL,30min
21,7,14,0.3333333333333333,0.31801801801801965,2.5214285714285842,-3.9642857142857144,5.350000000000136,-6.9500000000000455,1.0,-191.95604999999992,-0.1919560499999934,-2.040762836893072,-0.5751319539395462,-1.802380952380948,BHARTIARTL,30min
28,7,21,0.25,0.1264976558430306,10.40714285714304,-27.423809523809506,33.94999999999982,-102.10000000000036,1.0,-1142.8763999999985,-1.1428763999999936,-1.6300799307848708,-0.3771994858839822,-17.96607142857137,BRITANNIA,30min
24,5,19,0.20833333333333334,0.07092783505154564,1.7199999999999818,-6.381578947368421,4.0,-28.0,1.0,-265.3558500000001,-0.2653558500000072,-1.626559859236653,-0.3517574877861728,-4.693750000000004,CIPLA,30min
29,8,21,0.27586206896551724,0.20614596670934723,1.0062500000000014,-1.85952380952381,1.8500000000000227,-6.899999999999977,1.0,-87.36085,-0.0873608499999973,-1.8229309891162802,-0.45959957796213613,-1.0689655172413792,COALINDIA,30min
29,7,22,0.2413793103448276,0.1545207401561,12.585714285714337,-25.915909090909075,29.949999999999818,-85.04999999999927,1.0,-1219.3303999999991,-1.2193304000000063,-1.7689043555151718,-0.4442438586505168,-16.622413793103423,DIVISLAB,30min
19,7,12,0.3684210526315789,0.40665236051501347,2.7071428571427987,-3.8833333333333258,4.0499999999999545,-9.100000000000136,1.0,-147.9403500000003,-0.1479403500000044,-1.7836106025546725,-0.44623247214693496,-1.4552631578947537,DRREDDY,30min
27,8,19,0.2962962962962963,0.3406611039794642,13.268750000000068,-16.399999999999924,30.850000000000364,-35.5,1.0,-698.601299999998,-0.6986012999999948,-1.680896699672581,-0.42069828613158133,-7.6092592592591854,EICHERMOT,30min
27,8,19,0.2962962962962963,0.37960829493087433,8.237500000000011,-9.1368421052632,13.150000000000091,-20.40000000000009,1.0,-433.77015000000074,-0.43377014999999663,-1.8633258712697245,-0.5331240629327033,-3.988888888888916,GRASIM,30min
18,8,10,0.4444444444444444,0.4136291600633855,1.63124999999998,-3.155000000000007,3.1499999999999773,-13.700000000000045,1.0,-84.14240000000024,-0.084142399999997,-1.258869999565102,-0.2517387762470246,-1.0277777777777903,HDFCLIFE,30min
33,10,23,0.30303030303030304,0.261773846521634,16.42499999999991,-27.28043478260867,65.94999999999982,-143.10000000000036,1.0,-1053.0172000000002,-1.053017200000002,-1.2801725492751632,-0.29530399213450775,-14.036363636363644,HEROMOTOCO,30min
22,7,15,0.3181818181818182,0.13726993865030537,1.278571428571419,-4.346666666666677,4.0499999999999545,-14.450000000000045,1.0,-138.89435000000023,-0.1388943500000023,-1.4909438460823643,-0.33641248343594893,-2.5568181818181923,HINDALCO,30min
30,6,24,0.2,0.19804584742578363,4.391666666666803,-5.543750000000064,10.650000000000091,-19.949999999999818,1.0,-373.73460000000074,-0.37373459999999614,-2.071556498355451,-0.56828440540947,-3.556666666666691,HINDUNILVR,30min
29,14,15,0.4827586206896552,0.4172709294660454,2.2607142857142435,-5.056666666666645,7.5499999999999545,-16.5,1.0,-189.90840000000026,-0.190377800000002,-1.6029783274895406,-0.3826842526245622,-1.5241379310344922,ICICIBANK,30min
24,6,18,0.25,0.15478615071283064,0.6333333333333352,-1.3638888888888958,1.1999999999999886,-4.75,1.0,-68.46135000000011,-0.06846134999999777,-1.8594217815144305,-0.44873402557323283,-0.864583333333338,ITC,30min
35,13,22,0.37142857142857144,0.40264754550468923,2.8076923076923164,-4.12045454545455,11.75,-14.950000000000045,1.0,-209.05759999999998,-0.20905760000000012,-1.6802454341005362,-0.466605493060323,-1.5471428571428565,INDUSINDBK,30min
19,5,14,0.2631578947368421,0.17918719211822492,2.909999999999991,-5.800000000000035,4.899999999999864,-14.700000000000045,1.0,-253.31985000000054,-0.25331984999999985,-1.9751943887971073,-0.49865224091555627,-3.507894736842134,INFY,30min
31,12,19,0.3870967741935484,0.4338933528122745,2.4750000000000134,-3.602631578947365,7.050000000000068,-14.349999999999909,1.0,-155.30174999999977,-0.1553017499999987,-1.568851693795716,-0.38671467639513896,-1.2499999999999927,JSWSTEEL,30min
20,6,14,0.3,0.17525773195875782,2.4083333333332653,-5.889285714285718,3.6499999999998636,-10.650000000000091,1.0,-255.61235000000045,-0.25561234999999577,-2.0594389242516,-0.5392861714736208,-3.4000000000000226,KOTAKBANK,30min
12,8,4,0.6666666666666666,0.5737801293356881,6.10000000000008,-21.26250000000016,19.0,-26.050000000000182,1.0,-315.98125000000005,-0.3159812499999971,-1.4437040042471594,-0.3040460831080539,-3.0208333333333335,LT,30min
26,7,19,0.2692307692307692,0.3096030729833568,8.635714285714325,-10.27631578947366,16.84999999999991,-28.09999999999991,1.0,-458.42429999999933,-0.4584242999999988,-1.7256789476592425,-0.44574989320245434,-5.184615384615356,M&M,30min
23,3,20,0.13043478260869565,0.021652083642296337,4.866666666666788,-33.714999999999876,7.350000000000364,-103.0,1.0,-1909.5636999999972,-1.9095636999999988,-2.0493183263081876,-0.518114728640064,-28.682608695652046,MARUTI,30min
30,15,15,0.5,0.36144578313253023,0.8,-2.2133333333333325,2.0,-15.449999999999989,1.0,-66.22219999999999,-0.0662222000000038,-1.0331099396779142,-0.21003643914757963,-0.7066666666666663,NTPC,30min
23,7,16,0.30434782608695654,0.5860128617363448,5.207142857142896,-3.88749999999996,8.5,-10.599999999999909,1.0,-238.4227499999991,-0.2384227499999979,-1.8586351401003511,-0.5167217024232474,-1.119565217391265,NESTLEIND,30min
20,7,13,0.35,0.17890995260663314,0.43142857142856883,-1.2984615384615448,1.2999999999999545,-3.3100000000000023,1.0,-42.6121100000001,-0.04261211000000185,-1.6378530252965713,-0.3736451210932842,-0.693000000000005,ONGC,30min
32,14,18,0.4375,0.5691056910569068,0.9999999999999919,-1.3666666666666647,5.100000000000023,-3.3999999999999773,1.0,-53.15910000000008,-0.0531591000000044,-1.471214776784396,-0.4413132083259172,-0.3312500000000025,POWERGRID,30min
14,5,9,0.35714285714285715,0.4443181818181785,3.909999999999991,-4.888888888888914,9.049999999999955,-13.25,1.0,-122.46865000000028,-0.12298002034229355,-1.333893911327817,-0.28702250913542293,-1.746428571428591,RELIANCE,30min
33,6,27,0.18181818181818182,0.06443914081145437,1.5749999999999698,-5.431481481481502,4.25,-13.0,1.0,-336.22010000000074,-0.3362201000000059,-2.204039418053773,-0.6064238105428823,-4.1575757575757795,SBILIFE,30min
27,8,19,0.2962962962962963,0.26402863123776144,73.3125,-116.91315789473657,177.84999999999854,-594.6499999999978,1.0,-4783.053849999995,-4.783053849999996,-1.4632087697690084,-0.333655450170683,-60.54999999999981,SHREECEM,30min
24,5,19,0.20833333333333334,0.2942708333333344,2.2600000000000136,-2.0210526315789523,4.75,-7.100000000000023,1.0,-109.46440000000003,-0.1094643999999971,-1.8429919380430861,-0.4866876855887014,-1.1291666666666675,SBIN,30min
35,12,23,0.34285714285714286,0.19968241365621778,2.095833333333379,-5.476086956521721,4.150000000000091,-38.450000000000045,1.0,-322.299249999999,-0.3222992499999964,-1.7016593758283949,-0.4010214057578844,-2.8799999999999724,SUNPHARMA,30min
21,6,15,0.2857142857142857,0.09684487291849203,3.683333333333318,-15.21333333333335,10.899999999999636,-36.899999999999636,1.0,-611.4529500000003,-0.6114529500000063,-1.8098524323006568,-0.4164401234113736,-9.814285714285731,TCS,30min
27,6,21,0.2222222222222222,0.05350066050198396,0.6750000000000304,-3.6047619047619017,1.7000000000000455,-22.899999999999864,1.0,-204.57259999999974,-0.20457259999999952,-1.7044306106270732,-0.3960172348555689,-2.6537037037036946,TATACONSUM,30min
23,8,15,0.34782608695652173,0.37211981566820046,2.018749999999997,-2.893333333333347,5.649999999999977,-7.400000000000091,1.0,-119.07195000000023,-0.11907194999999775,-1.7481005067668296,-0.45852492955143626,-1.184782608695662,TATAMOTORS,30min
18,8,10,0.4444444444444444,0.5380281690140778,0.2387499999999978,-0.35500000000000115,0.46999999999999886,-0.75,1.0,-16.97902000000003,-0.016979019999998853,-2.0460640933522654,-0.5882090797477736,-0.09111111111111272,TATASTEEL,30min
21,9,12,0.42857142857142855,0.35179153094463006,3.600000000000035,-7.674999999999973,9.299999999999955,-18.799999999999955,1.0,-243.26544999999936,-0.24326545000000624,-1.5500066222200166,-0.35957185554038545,-2.8428571428571123,TECHM,30min
18,4,14,0.2222222222222222,0.10135571336346053,5.8875000000000455,-16.596428571428664,11.699999999999818,-82.35000000000036,1.0,-473.8501500000011,-0.4738501499999984,-1.1893576317485932,-0.21140300356799646,-11.600000000000062,TITAN,30min
23,6,17,0.2608695652173913,0.4729752066115755,47.69166666666691,-35.58823529411743,174.79999999999927,-173.0500000000011,1.0,-1450.623899999995,-1.577317562951603,-1.2634817838743158,-0.3364588810526433,-13.863043478260648,ULTRACEMCO,30min
27,8,19,0.2962962962962963,0.44352159468438285,1.6687499999999886,-1.5842105263157877,4.0,-4.75,1.0,-79.79490000000006,-0.07979489999999351,-1.7768868845540897,-0.5142265771044995,-0.6203703703703725,UPL,30min
15,3,12,0.2,0.06962025316455141,0.18333333333331817,-0.6583333333333314,0.25,-1.1999999999999886,1.0,-33.369300000000024,-0.03336930000000575,-2.227344615764487,-0.6328855103791184,-0.4900000000000015,WIPRO,30min
22,12,10,0.5454545454545454,0.8978260869565188,0.3441666666666651,-0.4599999999999994,1.5500000000000114,-1.6999999999999886,1.0,-14.735360000000014,-0.016270983583333797,-1.3144206224643913,-0.351611243810816,-0.02136363636363696,ZEEL,30min
23,6,17,0.2608695652173913,0.19680511182108396,10.266666666666575,-18.411764705882405,25.300000000000182,-65.64999999999964,1.0,-861.0800500000014,-0.867409418077181,-1.8708906961992349,-0.46677832527504337,-10.930434782608758,LTIM,30min
32,11,21,0.34375,0.33919944789509626,4.468181818181785,-6.900000000000026,12.75,-23.25,1.0,-238.4875500000009,-0.2384875500000053,-1.9094528039347487,-0.6026751838579414,-2.9921875000000284,ADANIPORTS,1H
21,8,13,0.38095238095238093,0.7378497790868884,9.393749999999898,-7.834615384615343,25.549999999999727,-16.0,1.0,-237.53715000000028,-0.23753715000000372,-1.708875040102337,-0.5891650562841132,-1.2714285714285845,ASIANPAINT,1H
19,7,12,0.3684210526315789,0.4562558795860816,3.464285714285747,-4.4291666666666645,5.849999999999909,-15.150000000000091,1.0,-116.00604999999976,-0.11793369999999413,-1.6389438065506559,-0.42792127782297973,-1.5210526315789341,AXISBANK,1H
22,4,18,0.18181818181818182,0.3310305488655067,65.28749999999945,-43.827777777777705,140.0,-198.89999999999964,1.0,-1336.5411000000008,-1.3723747353801992,-1.5368584530922489,-0.45104447982123375,-23.988636363636406,BAJAJ-AUTO,1H
13,6,7,0.46153846153846156,0.7500000000000151,20.750000000000302,-23.714285714285584,34.649999999999636,-63.0,1.0,-528.4637499999973,-0.5284637499999953,-1.6862734541444426,-0.45514198398743916,-3.1923076923074825,BAJFINANCE,1H
19,7,12,0.3684210526315789,1.8288530465949984,14.578571428571488,-4.649999999999977,48.5,-13.049999999999955,1.0,-78.66289999999933,-0.0786628999999957,-0.4980291973762805,-0.28662061306759434,2.4342105263158254,BAJAJFINSV,1H
27,11,16,0.4074074074074074,0.41848008034817386,1.1363636363636311,-1.8668749999999985,2.75,-8.050000000000011,1.0,-46.34090000000004,-0.049168159204856086,-1.4119316219069264,-0.3876252084524787,-0.6433333333333345,BPCL,1H
18,7,11,0.3888888888888889,0.3864598025387846,3.9142857142856946,-6.445454545454553,9.699999999999818,-15.049999999999955,1.0,-174.35820000000024,-0.17442069081265468,-1.9136468849820603,-0.5495409814335456,-2.4166666666666794,BHARTIARTL,1H
22,10,12,0.45454545454545453,0.5642138939670841,12.34499999999971,-18.233333333333196,47.899999999999636,-49.599999999999454,1.0,-472.7905000000013,-0.4727905000000028,-1.5657907480691164,-0.43774827108405795,-4.334090909090967,BRITANNIA,1H
18,8,10,0.4444444444444444,0.12179775280898965,1.6937500000000227,-11.125000000000068,4.599999999999909,-49.950000000000045,1.0,-215.7642000000005,-0.21576420000000507,-1.3895241361604644,-0.3205939927560582,-5.427777777777806,CIPLA,1H
14,3,11,0.21428571428571427,0.17105263157895212,1.3000000000000302,-2.0727272727272634,2.7000000000000455,-5.7999999999999545,1.0,-51.178599999999804,-0.0520929734274329,-1.8357196370392368,-0.47917532625388065,-1.349999999999986,COALINDIA,1H
21,13,8,0.6190476190476191,1.2510476190476376,12.630769230769287,-16.40624999999983,23.399999999999636,-35.65000000000009,1.0,-470.1359999999979,-0.4701359999999986,-1.996010157603043,-0.7070226554968586,1.5690476190477187,DIVISLAB,1H
19,8,11,0.42105263157894735,1.122270742358073,4.818749999999994,-3.122727272727285,13.450000000000045,-7.100000000000136,1.0,-90.27410000000017,-0.09400079999999433,-1.4839819152393614,-0.5954722180441345,0.22105263157893779,DRREDDY,1H
20,5,15,0.25,0.15100785787495785,17.68000000000011,-39.02666666666676,28.600000000000364,-189.14999999999964,1.0,-894.7378500000009,-0.894737850000005,-1.3330983886398213,-0.3120631390915208,-24.850000000000044,EICHERMOT,1H
23,9,14,0.391304347826087,0.3602983362019478,6.977777777777748,-12.450000000000045,32.399999999999636,-29.300000000000182,1.0,-340.8539500000009,-0.34085395000000424,-1.6953932733419501,-0.5020134758010012,-4.8478260869565615,GRASIM,1H
15,6,9,0.4,0.19127773527161746,2.0833333333333712,-7.261111111111126,3.400000000000091,-18.40000000000009,1.0,-151.65009999999992,-0.15165009999999893,-1.73268255420163,-0.390951726987764,-3.523333333333327,HCLTECH,1H
7,1,6,0.14285714285714285,0.0227272727272701,0.849999999999909,-6.233333333333387,0.849999999999909,-13.300000000000182,1.0,-127.81415000000041,-0.12781415000000562,-2.0278594926943825,-0.5054862980049342,-5.22142857142863,HDFCBANK,1H
15,7,8,0.4666666666666667,0.3315363881401593,1.7571428571428507,-4.637500000000017,3.8500000000000227,-8.350000000000023,1.0,-70.28495000000018,-0.07028495000000112,-1.5150647549788987,-0.37014540070277846,-1.6533333333333455,HDFCLIFE,1H
20,6,14,0.3,0.23952523952523916,13.958333333333334,-24.97500000000004,33.600000000000364,-68.60000000000036,1.0,-660.6148000000005,-0.6619590000000026,-1.780887050489537,-0.47775707923087896,-13.295000000000027,HEROMOTOCO,1H
18,5,13,0.2777777777777778,0.42666666666666514,3.8399999999999865,-3.4615384615384617,12.649999999999977,-12.149999999999977,1.0,-76.01010000000007,-0.08125008904220829,-1.2570294954185537,-0.3630952791933341,-1.4333333333333371,HINDALCO,1H
9,4,5,0.4444444444444444,0.9935400516795984,9.612500000000182,-7.740000000000054,15.650000000000091,-17.65000000000009,1.0,-117.69094999999956,-0.11769095000000379,-1.2932814999617983,-0.33927334572646606,-0.02777777777772725,HINDUNILVR,1H
25,6,19,0.24,0.22027397260274012,3.3500000000000227,-4.802631578947392,7.300000000000182,-19.0,1.0,-180.67510000000033,-0.18067509999999312,-1.9183341281804502,-0.5337032996964448,-2.8460000000000125,ICICIBANK,1H
16,3,13,0.1875,0.22635135135134712,1.1166666666666554,-1.1384615384615482,2.25,-2.8500000000000227,1.0,-41.976700000000164,-0.041976699999999256,-2.2040662386417673,-0.670357156810775,-0.7156250000000101,ITC,1H
24,6,18,0.25,0.2015376166941227,3.058333333333318,-5.058333333333343,7.7000000000000455,-20.799999999999955,1.0,-174.07280000000026,-0.17407279999999448,-1.7457086701894113,-0.46048743410056125,-3.029166666666678,INDUSINDBK,1H
17,6,11,0.35294117647058826,0.6729910714285673,5.0250000000000155,-4.07272727272731,9.950000000000045,-10.400000000000091,1.0,-145.55940000000032,-0.14555939999999828,-2.0564254843303313,-0.719066765138002,-0.8617647058823716,INFY,1H
22,6,16,0.2727272727272727,0.5349194167306195,5.8083333333333185,-4.071875000000006,9.950000000000045,-10.899999999999977,1.0,-106.25300000000018,-0.1097364499999967,-1.4185568160523527,-0.42663226859823855,-1.3772727272727356,JSWSTEEL,1H
20,8,12,0.4,0.3604257377842301,4.656250000000028,-8.612500000000011,10.0,-18.299999999999955,1.0,-206.6607999999999,-0.20673948698591765,-1.7723934658963307,-0.48052268038613977,-3.3049999999999953,KOTAKBANK,1H
14,7,7,0.5,0.7773487773487804,8.628571428571442,-11.099999999999975,22.950000000000273,-18.0,1.0,-241.2956499999997,-0.24129565,-1.721354054580173,-0.5537582088538618,-1.2357142857142658,LT,1H
19,6,13,0.3157894736842105,0.3424855491329451,7.899999999999939,-10.646153846153853,14.699999999999818,-48.94999999999982,1.0,-317.99870000000044,-0.31799869999999647,-1.6178262434439956,-0.4100219468347103,-4.7894736842105505,M&M,1H
20,5,15,0.25,0.23093498219973815,24.65,-35.57999999999993,54.75,-98.45000000000073,1.0,-1315.268249999999,-1.3152682499999937,-2.140370879107021,-0.6348397167809827,-20.522499999999944,MARUTI,1H
22,6,16,0.2727272727272727,0.3148854961832049,1.375,-1.6375000000000064,3.5500000000000114,-4.550000000000011,1.0,-48.840600000000094,-0.048840599999995904,-1.7801160039431223,-0.529309593417957,-0.8159090909090956,NTPC,1H
13,4,9,0.3076923076923077,0.498583569405094,8.799999999999955,-7.844444444444485,20.84999999999991,-18.199999999999818,1.0,-186.47605000000055,-0.18647604999999748,-1.6189761635084023,-0.4621093979369324,-2.723076923076965,NESTLEIND,1H
16,5,11,0.3125,0.31347728965003013,0.8419999999999902,-1.2209090909091045,1.3599999999999568,-3.8500000000000227,1.0,-27.453500000000197,-0.02780349999999453,-1.6217709475043323,-0.3928203346217582,-0.5762500000000124,ONGC,1H
23,8,15,0.34782608695652173,0.20882352941176266,0.8874999999999957,-2.266666666666678,3.0,-4.9500000000000455,1.0,-54.32915000000021,-0.05432915000000502,-1.6700004388981227,-0.4448216533501512,-1.1695652173913131,POWERGRID,1H
13,4,9,0.3076923076923077,0.7860615883306328,6.062499999999943,-3.4277777777777425,12.0,-7.5499999999999545,1.0,-83.33869999999992,-0.08920870000000287,-1.403383896355823,-0.4626680662449304,-0.5076923076923007,RELIANCE,1H
14,2,12,0.14285714285714285,0.020985401459853618,1.1499999999999773,-9.133333333333326,2.0,-26.25,1.0,-203.83144999999996,-0.2038314499999979,-1.73235059115748,-0.39571944232060796,-7.664285714285711,SBILIFE,1H
21,11,10,0.5238095238095238,0.9167948958528738,111.03636363636343,-133.22500000000073,300.09999999999854,-368.1000000000022,1.0,-2187.6091000000097,-2.5718165458125024,-1.1165717449662362,-0.3266135857043795,-5.278571428571879,SHREECEM,1H
25,10,15,0.4,0.21875000000000444,1.085000000000025,-3.306666666666676,2.2000000000000455,-8.299999999999955,1.0,-108.1278499999999,-0.1081278500000044,-2.073392564521056,-0.5776249253630178,-1.5499999999999954,SBIN,1H
23,6,17,0.2608695652173913,0.11097162942505877,3.683333333333394,-11.714705882352893,7.800000000000182,-40.049999999999955,1.0,-308.4147999999989,-0.30841479999999866,-1.5928456580865882,-0.3760940035399749,-7.6978260869564705,SUNPHARMA,1H
15,4,11,0.26666666666666666,0.14938061695409507,7.687500000000114,-18.713636363636354,17.09999999999991,-38.69999999999982,1.0,-463.8682499999994,-0.46386824999999954,-1.9370119573965865,-0.5006361193045615,-11.673333333333296,TCS,1H
24,10,14,0.4166666666666667,0.9861751152073753,5.350000000000011,-3.875,17.90000000000009,-9.600000000000136,1.0,-81.9852499999999,-0.08836470000000554,-1.0493853844758667,-0.37840148047580474,-0.031249999999995264,TATACONSUM,1H
12,7,5,0.5833333333333334,0.5947521865889142,1.4571428571428473,-3.4300000000000184,2.199999999999932,-5.9500000000000455,1.0,-58.509550000000154,-0.05850955000000249,-1.8263958662582136,-0.4600581314256898,-0.5791666666666799,TATAMOTORS,1H
16,6,10,0.375,0.32407407407407296,0.3499999999999967,-0.6479999999999961,0.9200000000000159,-2.1599999999999966,1.0,-14.99726999999998,-0.014997270000007121,-1.6932088050584242,-0.4289128006713895,-0.2737499999999988,TATASTEEL,1H
25,8,17,0.32,0.7383177570093451,7.406249999999972,-4.720588235294104,19.34999999999991,-13.149999999999864,1.0,-165.4017,-0.16540170000000218,-1.5287531348990022,-0.5697986015367562,-0.84,TECHM,1H
16,5,11,0.3125,0.8390739695087516,14.859999999999946,-8.049999999999976,24.0,-19.84999999999991,1.0,-233.3524,-0.25397639999999955,-1.599605653277679,-0.5545796253592585,-0.890625,TITAN,1H
17,8,9,0.47058823529411764,0.880298321939085,44.26249999999982,-44.69444444444465,84.0,-100.95000000000073,1.0,-863.4208500000033,-0.8634208500000096,-1.3887141338505709,-0.418722335018211,-2.832352941176663,ULTRACEMCO,1H
18,10,8,0.5555555555555556,0.2732115677321149,1.7949999999999933,-8.212499999999991,5.75,-27.300000000000068,1.0,-89.21064999999999,-0.09113465000000724,-0.9899793384806496,-0.21141129131750072,-2.6527777777777777,UPL,1H
18,7,11,0.3888888888888889,0.30263157894736503,0.4928571428571412,-1.0363636363636446,1.099999999999966,-2.900000000000034,1.0,-27.802150000000104,-0.027802150000003165,-1.903700624333555,-0.49486749804180186,-0.44166666666667237,WIPRO,1H
15,5,10,0.3333333333333333,0.6950000000000021,1.1120000000000032,-0.8,4.519999999999996,-2.0,1.0,-11.898469999999984,-0.011898470000000088,-0.7941368843647278,-0.3039509784357842,-0.16266666666666557,ZEEL,1H
25,11,14,0.44,0.3496402877697817,13.254545454545388,-29.785714285714352,35.80000000000018,-70.94999999999982,1.0,-755.5408500000017,-0.7625079669844266,-1.7395336021007495,-0.4571033547212766,-10.848000000000065,LTIM,1H
4,1,3,0.25,0.02544247787610818,1.150000000000091,-15.066666666666682,1.150000000000091,-22.200000000000045,1.0,-64.55884999999995,-0.06455885000000125,-2.1879904344035626,-0.6224376537507282,-11.012499999999989,ADANIPORTS,1D
6,4,2,0.6666666666666666,1.2591822591822501,22.712499999999864,-36.075000000000045,38.5,-46.5,1.0,-28.83230000000063,-0.07819507054041909,-0.4000050272849203,-0.13680541557830303,3.1166666666665606,ASIANPAINT,1D
4,2,2,0.5,0.86266094420601,15.075000000000045,-17.475000000000023,16.75,-33.05000000000007,1.0,-18.074699999999954,-0.04117853226171051,-0.4605058646512069,-0.11230727778936433,-1.1999999999999886,AXISBANK,1D
6,2,4,0.3333333333333333,0.4028436018957351,59.5,-73.84999999999991,103.95000000000073,-165.0,1.0,-357.5251999999996,-0.42533052139412436,-1.5850300743983103,-0.5341937680749304,-29.399999999999938,BAJAJ-AUTO,1D
5,3,2,0.6,0.5094854843345794,59.083333333333336,-173.94999999999982,90.94999999999982,-311.9499999999998,1.0,-288.1171499999997,-0.4029676999999938,-0.8629683194437882,-0.223474615042899,-34.129999999999924,BAJFINANCE,1D
3,2,1,0.6666666666666666,5.83439490445869,22.90000000000009,-7.849999999999909,36.90000000000009,-7.849999999999909,1.0,14.809000000000264,-0.014243271623468114,0.3978147137459816,0.4250489003195823,12.650000000000091,BAJAJFINSV,1D
3,0,3,0.0,0.0,0.0,-6.6833333333333185,0.0,-13.5,1.0,-25.376159999999953,-0.0253761599999998,-1.6808446360614542,-0.46635228534185114,,BPCL,1D
5,1,4,0.2,0.12048192771084351,9.5,-19.712499999999977,9.5,-39.200000000000045,1.0,-98.86334999999991,-0.09886334999999963,-1.8882422109518553,-0.568589691694444,-13.869999999999981,BHARTIARTL,1D
2,2,0,1.0,inf,15.400000000000091,0.0,26.75,0.0,1.0,-9.776649999999812,-0.016010699999998906,-0.3920571276654436,-0.3795928885346201,,BRITANNIA,1D
8,5,3,0.625,0.41432291666666693,15.909999999999991,-63.99999999999992,40.0,-159.70000000000005,1.0,-149.10314999999986,-0.16539126624952255,-0.8931368849270591,-0.26981845557265566,-14.056249999999977,CIPLA,1D
4,2,2,0.5,0.585714285714289,1.0250000000000057,-1.75,1.6499999999999773,-3.0,1.0,-8.762399999999989,-0.010015499999994064,-2.17923402924942,-0.731345670255155,-0.36249999999999716,COALINDIA,1D
8,3,5,0.375,0.20896674126090067,45.13333333333352,-129.58999999999997,65.80000000000018,-339.39999999999964,1.0,-634.7827999999993,-0.7076528578135687,-1.55556715327704,-0.47291411996388794,-64.06874999999991,DIVISLAB,1D
7,2,5,0.2857142857142857,0.6324257425742584,12.774999999999977,-8.079999999999973,15.049999999999955,-17.09999999999991,1.0,-40.13949999999991,-0.06220799999999872,-1.3666623945030407,-0.545845074806797,-2.1214285714285586,DRREDDY,1D
10,7,3,0.7,2.275994250119781,33.92857142857143,-34.78333333333345,73.80000000000018,-74.85000000000036,1.0,-1.4599000000003564,-0.10259412058387532,-0.010937491000710273,-0.005260589528867961,13.314999999999964,EICHERMOT,1D
4,2,2,0.5,1.0517492711370224,36.07499999999982,-34.299999999999955,57.04999999999973,-48.69999999999982,1.0,-37.24915000000027,-0.06661668597606842,-0.47310870777835157,-0.176056764034282,0.8874999999999318,GRASIM,1D
2,0,2,0.0,0.0,0.0,-30.59999999999991,0.0,-39.09999999999991,1.0,-77.87719999999982,-0.07787720000000263,-1.6682255064137628,-0.37211236644231155,,HCLTECH,1D
8,3,5,0.375,0.24926166568221958,7.033333333333303,-16.930000000000017,9.099999999999909,-31.850000000000136,1.0,-110.12295000000017,-0.11471583582443334,-2.191576620754421,-0.8002847336650672,-7.943750000000023,HDFCBANK,1D
8,2,6,0.25,0.03921568627451045,1.3500000000000227,-11.475000000000003,2.2000000000000455,-25.700000000000045,1.0,-80.24244999999998,-0.08181845000000612,-2.2325685266065634,-0.711297756057187,-8.268749999999997,HDFCLIFE,1D
3,2,1,0.6666666666666666,0.21957913998169953,6.0,-54.650000000000546,10.0,-54.650000000000546,1.0,-115.28735000000056,-0.11528734999999869,-1.8761538466961705,-0.51840427781099,-14.216666666666848,HEROMOTOCO,1D
3,0,3,0.0,0.0,0.0,-4.299999999999993,0.0,-7.0,1.0,-20.73739999999998,-0.02073739999999816,-2.1545119533827433,-0.5709487107652407,,HINDALCO,1D
3,1,2,0.3333333333333333,0.29497568881685365,9.099999999999909,-15.424999999999955,9.099999999999909,-27.800000000000182,1.0,-48.0088,-0.04800879999999597,-1.522293722896454,-0.35663226133771064,-7.25,HINDUNILVR,1D
4,2,2,0.5,0.22984676882078628,8.625,-37.52499999999998,9.5,-72.90000000000009,1.0,-72.37514999999998,-0.07629695000000355,-0.9778222003272896,-0.20358030200803434,-14.449999999999989,ICICIBANK,1D
2,0,2,0.0,0.0,0.0,-1.6500000000000057,0.0,-2.6000000000000227,1.0,-7.657950000000012,-0.007657949999993434,-2.3020680675074576,-0.6277568242696553,,ITC,1D
2,1,1,0.5,1.5900000000000092,7.9500000000000455,-5.0,7.9500000000000455,-5.0,1.0,-9.942649999999956,-0.012308550000001561,-1.0168265148757438,-0.3616526809208796,1.4750000000000227,INDUSINDBK,1D
4,1,3,0.25,0.06609195402298729,2.2999999999999545,-11.599999999999985,2.2999999999999545,-16.5,1.0,-59.09150000000001,-0.059091499999994995,-2.4256781965493084,-0.7178116660022644,-8.125,INFY,1D
7,5,2,0.7142857142857143,1.7977736549165182,9.690000000000008,-13.474999999999966,22.299999999999955,-13.899999999999977,1.0,-3.6948499999998816,-0.03617981912128185,-0.11116901226460617,-0.060095302237365124,3.0714285714285876,JSWSTEEL,1D
3,2,1,0.6666666666666666,3.473309608540933,24.399999999999977,-14.049999999999955,35.950000000000045,-14.049999999999955,1.0,4.039050000000003,-0.0304185652984859,0.10259725950106467,0.0721368274736381,11.583333333333334,KOTAKBANK,1D
6,2,4,0.3333333333333333,0.40927303949627974,35.75,-43.674999999999955,50.5,-82.0,1.0,-195.61524999999983,-0.22821338652485898,-1.6083635187801215,-0.6070995209754781,-17.19999999999997,LT,1D
7,2,5,0.2857142857142857,0.17768688934333124,19.549999999999955,-44.009999999999856,30.5,-80.15000000000009,1.0,-260.10109999999935,-0.26010109999999986,-2.1506607261838875,-0.7971545339537808,-25.84999999999991,M&M,1D
3,1,2,0.3333333333333333,0.7374912729811518,158.45000000000073,-107.42500000000018,158.45000000000073,-193.20000000000073,1.0,-244.81044999999966,-0.36441937765623234,-0.9605051785065787,-0.306776411423418,-18.79999999999988,MARUTI,1D
2,1,1,0.5,7.210526315789524,6.849999999999966,-0.9499999999999886,6.849999999999966,-0.9499999999999886,1.0,0.7354499999999766,-0.003510049999997136,0.11042692616672695,0.1794268086982177,2.9499999999999886,NTPC,1D
6,2,4,0.3333333333333333,0.3247716894977152,14.224999999999909,-21.899999999999977,20.25,-43.34999999999991,1.0,-113.4528500000001,-0.11345285000000148,-1.9710157364382161,-0.7027516131052701,-9.858333333333348,NESTLEIND,1D
4,3,1,0.75,0.4696969696969692,1.0333333333333314,-6.599999999999994,1.8999999999999773,-6.599999999999994,1.0,-8.94691,-0.009488258630568411,-1.2621109269403596,-0.38092864733695175,-0.875,ONGC,1D
5,3,2,0.6,2.142857142857132,3.749999999999981,-2.625,5.349999999999966,-3.3000000000000114,1.0,0.24524999999994446,-0.008194308379879401,0.031711095538601505,0.01648959369700748,1.1999999999999886,POWERGRID,1D
6,3,3,0.5,0.5668238993710673,12.016666666666652,-21.200000000000045,25.049999999999955,-51.700000000000045,1.0,-63.0650000000002,-0.08372004309966607,-1.0672302220180634,-0.3746671307809047,-4.591666666666697,RELIANCE,1D
5,2,3,0.4,1.0054274084124781,18.524999999999977,-12.28333333333338,20.75,-16.5,1.0,-29.336850000000183,-0.035132899999996886,-0.8256775536932208,-0.3591163031313192,0.03999999999996362,SBILIFE,1D
4,1,3,0.25,0.23529411764705882,339.0,-480.25,339.0,-760.0,1.0,-1625.6157500000002,-1.757111841820509,-1.6445236794128821,-0.5274540638498986,-275.4375,SHREECEM,1D
5,1,4,0.2,0.035523978685612675,1.0,-7.037500000000023,1.0,-11.950000000000045,1.0,-38.55065000000009,-0.03855065000000468,-2.276181417925406,-0.6363813744593456,-5.430000000000018,SBIN,1D
6,0,6,0.0,0.0,0.0,-18.916666666666668,0.0,-53.5,1.0,-149.18005,-0.1491800499999954,-2.336841549117597,-0.7624285355603884,,SUNPHARMA,1D
3,0,3,0.0,0.0,0.0,-46.666666666666664,0.0,-84.0,1.0,-200.83765,-0.20083765000000128,-2.041182602161454,-0.5655557996231987,,TCS,1D
3,0,3,0.0,0.0,0.0,-23.349999999999984,0.0,-27.649999999999864,1.0,-85.31854999999996,-0.08531854999999632,-1.9989824072162539,-0.536676434768279,,TATACONSUM,1D
2,1,1,0.5,0.5051282051282004,9.849999999999909,-19.5,9.849999999999909,-19.5,1.0,-23.553600000000092,-0.02421763914643932,-1.0670247920044034,-0.29389225526194035,-4.8250000000000455,TATAMOTORS,1D
3,1,2,0.3333333333333333,0.5307262569832399,1.9000000000000057,-1.7900000000000063,1.9000000000000057,-2.930000000000007,1.0,-4.218200000000007,-0.00421820000000298,-1.1663764512664236,-0.36978424640788304,-0.5600000000000023,TATASTEEL,1D
6,1,5,0.16666666666666666,0.07822685788787491,12.0,-30.67999999999997,12.0,-54.049999999999955,1.0,-172.00629999999984,-0.17897979647141657,-2.2142765102480086,-0.7096309345169626,-23.566666666666645,TECHM,1D
7,2,5,0.2857142857142857,1.5748829953198193,50.475000000000136,-12.819999999999983,55.80000000000018,-19.84999999999991,1.0,-37.63479999999963,-0.08319286738019414,-0.48419959126718976,-0.37586851432735013,5.264285714285767,TITAN,1D
4,3,1,0.75,3761.0000000547516,62.6833333333337,-0.049999999999272404,159.0,-0.049999999999272404,1.0,53.070000000001784,-0.07322345580314027,0.35230233847022246,3.836372364070675,47.000000000000455,ULTRACEMCO,1D
7,3,4,0.42857142857142855,0.492366412213738,6.44999999999997,-9.825000000000003,9.449999999999932,-16.100000000000023,1.0,-31.6478000000001,-0.04297335000000021,-1.2350477414008045,-0.4095200803499536,-2.8500000000000147,UPL,1D
4,1,3,0.25,0.05185185185185101,0.6999999999999886,-4.5,0.6999999999999886,-9.649999999999977,1.0,-17.503200000000014,-0.01750320000000647,-1.696344102278225,-0.4740911202854749,-3.200000000000003,WIPRO,1D
9,3,6,0.3333333333333333,0.37356585589720004,2.713333333333329,-3.6316666666666655,6.549999999999997,-8.099999999999994,1.0,-17.556030000000007,-0.017556030000007012,-1.3377226457725568,-0.5481531443524965,-1.5166666666666673,ZEEL,1D
5,2,3,0.4,0.21424647500457777,58.5,-182.03333333333345,112.05000000000018,-264.75,1.0,-529.5112000000003,-0.6047917392038019,-1.4563228308651868,-0.41964897768558157,-85.82000000000008,LTIM,1D
